-- Generated from the verified Cup of Us catalog. Do not edit by hand.

INSERT INTO "books" ("slug","title","thai_title","author","cover_color","summary","tags","concerns","personality","reading_minutes","audio_url","podcast_url","kinokuniya_url","shopee_url","lazada_url","naiin_url") VALUES
('atomic-habits','Atomic Habits','เพราะชีวิตดีได้กว่าที่เป็น','James Clear','#f5e545','เปลี่ยนชีวิตผ่านระบบและนิสัยเล็ก ๆ ที่ทำซ้ำได้','นิสัย,ระบบ,ลงมือ','คิดเยอะจนไม่เริ่ม,อยากมีวินัย,งานและเป้าหมาย','practical,gentle,structured',320,'https://www.audible.com/search?keywords=Atomic+Habits','https://open.spotify.com/search/Atomic%20Habits','https://www.kinokuniya.co.th/search/Atomic%20Habits','https://shopee.co.th/search?keyword=atomic%20habits','https://www.lazada.co.th/catalog/?q=atomic%20habits','https://www.naiin.com/search-result?keyword=Atomic%20Habits'),
('courage-to-be-disliked','The Courage to Be Disliked','กล้าที่จะถูกเกลียด','Ichiro Kishimi','#75c8d3','บทสนทนาที่ชวนคืนอิสระในการเลือกชีวิตให้ตัวเอง','ตัวตน,อิสระ,ความสัมพันธ์','เหนื่อยกับความคาดหวัง,ความสัมพันธ์กับตัวเอง','direct,reflective,dialogue',290,'https://www.audible.com/search?keywords=The+Courage+to+Be+Disliked','https://open.spotify.com/search/The%20Courage%20to%20Be%20Disliked','https://www.kinokuniya.co.th/search/The%20Courage%20to%20Be%20Disliked','https://shopee.co.th/search?keyword=the%20courage%20to%20be%20disliked','https://www.lazada.co.th/catalog/?q=the%20courage%20to%20be%20disliked','https://www.naiin.com/search-result?keyword=กล้าที่จะถูกเกลียด'),
('maybe-you-should-talk','Maybe You Should Talk to Someone','เพราะนี่คือสิ่งที่นักบำบัดอยากบอก','Lori Gottlieb','#f39aa6','เรื่องเล่าจากห้องบำบัดที่ช่วยให้เราเห็นความเป็นมนุษย์ของตัวเอง','เยียวยา,จิตใจ,เรื่องเล่า','เหนื่อยกับความคาดหวัง,ใจล้า,ความสัมพันธ์กับตัวเอง','warm,story,empathetic',430,'https://www.audible.com/search?keywords=Maybe+You+Should+Talk+to+Someone','https://open.spotify.com/search/Maybe%20You%20Should%20Talk%20to%20Someone','https://www.kinokuniya.co.th/search/Maybe%20You%20Should%20Talk%20to%20Someone','https://shopee.co.th/search?keyword=maybe%20you%20should%20talk%20to%20someone','https://www.lazada.co.th/catalog/?q=maybe%20you%20should%20talk%20to%20someone','https://www.naiin.com/search-result?keyword=Maybe%20You%20Should%20Talk%20to%20Someone'),
('deep-work','Deep Work','จดจ่ออย่างไรในโลกที่เต็มไปด้วยสิ่งรบกวน','Cal Newport','#e94d3f','สร้างพื้นที่ทำงานลึกและปกป้องสมาธิจากสิ่งรบกวน','สมาธิ,งาน,โฟกัส','งานและเป้าหมาย,สมาธิแตก','structured,direct,practical',360,'https://www.audible.com/search?keywords=Deep+Work','https://open.spotify.com/search/Deep%20Work','https://www.kinokuniya.co.th/search/Deep%20Work','https://shopee.co.th/search?keyword=deep%20work','https://www.lazada.co.th/catalog/?q=deep%20work','https://www.naiin.com/search-result?keyword=Deep%20Work'),
('four-thousand-weeks','Four Thousand Weeks','ชีวิตเรามีแค่สี่พันสัปดาห์','Oliver Burkeman','#eb8b45','มองเวลาอย่างเป็นมนุษย์และเลิกพยายามทำทุกอย่างให้ทัน','เวลา,ชีวิต,ยอมรับ','เหนื่อยกับความคาดหวัง,งานและเป้าหมาย','reflective,witty,gentle',330,'https://www.audible.com/search?keywords=Four+Thousand+Weeks','https://open.spotify.com/search/Four%20Thousand%20Weeks','https://www.kinokuniya.co.th/search/Four%20Thousand%20Weeks','https://shopee.co.th/search?keyword=four%20thousand%20weeks','https://www.lazada.co.th/catalog/?q=four%20thousand%20weeks','https://www.naiin.com/search-result?keyword=Four%20Thousand%20Weeks'),
('designing-your-life','Designing Your Life','ออกแบบชีวิตด้วยวิธีคิดแบบนักออกแบบ','Bill Burnett & Dave Evans','#75c8d3','ทดลองอนาคตหลายแบบเพื่อค้นหาชีวิตที่เหมาะกับเรา','ชีวิต,อาชีพ,ทดลอง','อยากรู้ว่าตัวเองต้องการอะไร,งานและเป้าหมาย','creative,practical,optimistic',350,'https://www.audible.com/search?keywords=Designing+Your+Life','https://open.spotify.com/search/Designing%20Your%20Life','https://www.kinokuniya.co.th/search/Designing%20Your%20Life','https://shopee.co.th/search?keyword=designing%20your%20life','https://www.lazada.co.th/catalog/?q=designing%20your%20life','https://www.naiin.com/search-result?keyword=Designing%20Your%20Life'),
('the-comfort-book','The Comfort Book','หนังสือแห่งการปลอบประโลม','Matt Haig','#f39aa6','บันทึกสั้น ๆ สำหรับวันที่ต้องการพื้นที่หายใจ','ปลอบใจ,ความหวัง,บันทึก','ใจล้า,เหนื่อยกับความคาดหวัง','soft,short,comforting',180,'https://www.audible.com/search?keywords=The+Comfort+Book','https://open.spotify.com/search/The%20Comfort%20Book','https://www.kinokuniya.co.th/search/The%20Comfort%20Book','https://shopee.co.th/search?keyword=the%20comfort%20book','https://www.lazada.co.th/catalog/?q=the%20comfort%20book','https://www.naiin.com/search-result?keyword=The%20Comfort%20Book'),
('essentialism','Essentialism','ทำน้อยแต่ได้มาก','Greg McKeown','#f5e545','เลือกสิ่งที่สำคัญจริงและกล้าตัดสิ่งที่ไม่จำเป็น','โฟกัส,เลือก,งาน','งานและเป้าหมาย,เหนื่อยกับความคาดหวัง','clear,structured,direct',310,'https://www.audible.com/search?keywords=Essentialism','https://open.spotify.com/search/Essentialism','https://www.kinokuniya.co.th/search/Essentialism','https://shopee.co.th/search?keyword=essentialism','https://www.lazada.co.th/catalog/?q=essentialism','https://www.naiin.com/search-result?keyword=Essentialism'),
('think-again','Think Again','คิดใหม่','Adam Grant','#75c8d3','ฝึกความยืดหยุ่นทางความคิดและมีความสุขกับการเปลี่ยนใจ','ความคิด,เรียนรู้,เปิดใจ','อยากรู้ว่าตัวเองต้องการอะไร,ความสัมพันธ์กับคนอื่น','curious,research,witty',340,'https://www.audible.com/search?keywords=Think+Again+Adam+Grant','https://open.spotify.com/search/Think%20Again%20Adam%20Grant','https://www.kinokuniya.co.th/search/Think%20Again','https://shopee.co.th/search?keyword=think%20again%20adam%20grant','https://www.lazada.co.th/catalog/?q=think%20again%20adam%20grant','https://www.naiin.com/search-result?keyword=Think%20Again'),
('the-gifts-of-imperfection','The Gifts of Imperfection','ของขวัญจากความไม่สมบูรณ์แบบ','Brené Brown','#eb8b45','ยอมรับความเปราะบางและใช้ชีวิตอย่างเต็มหัวใจ','ตัวตน,เปราะบาง,ยอมรับ','เหนื่อยกับความคาดหวัง,ความสัมพันธ์กับตัวเอง','warm,research,encouraging',300,'https://www.audible.com/search?keywords=The+Gifts+of+Imperfection','https://open.spotify.com/search/The%20Gifts%20of%20Imperfection','https://www.kinokuniya.co.th/search/The%20Gifts%20of%20Imperfection','https://shopee.co.th/search?keyword=the%20gifts%20of%20imperfection','https://www.lazada.co.th/catalog/?q=the%20gifts%20of%20imperfection','https://www.naiin.com/search-result?keyword=The%20Gifts%20of%20Imperfection'),
('mans-search-for-meaning','Man''s Search for Meaning','มนุษย์ค้นหาความหมาย','Viktor E. Frankl','#172f2b','ค้นหาความหมายและเสรีภาพภายในแม้ในช่วงเวลายากที่สุด','ความหมาย,ชีวิต,ความหวัง','ใจล้า,อยากรู้ว่าตัวเองต้องการอะไร','deep,story,philosophical',260,'https://www.audible.com/search?keywords=Mans+Search+for+Meaning','https://open.spotify.com/search/Mans%20Search%20for%20Meaning','https://www.kinokuniya.co.th/search/Mans%20Search%20for%20Meaning','https://shopee.co.th/search?keyword=mans%20search%20for%20meaning','https://www.lazada.co.th/catalog/?q=mans%20search%20for%20meaning','https://www.naiin.com/search-result?keyword=Man%20Search%20for%20Meaning'),
('quiet','Quiet','พลังของคนเงียบในโลกที่ไม่เคยหยุดพูด','Susan Cain','#f39aa6','เข้าใจพลังของคนเก็บตัวและออกแบบพื้นที่ที่เหมาะกับธรรมชาติของเรา','บุคลิก,คนเก็บตัว,พลัง','ความสัมพันธ์กับตัวเอง,เหนื่อยกับความคาดหวัง','research,gentle,affirming',400,'https://www.audible.com/search?keywords=Quiet+Susan+Cain','https://open.spotify.com/search/Quiet%20Susan%20Cain','https://www.kinokuniya.co.th/search/Quiet%20Susan%20Cain','https://shopee.co.th/search?keyword=quiet%20susan%20cain','https://www.lazada.co.th/catalog/?q=quiet%20susan%20cain','https://www.naiin.com/search-result?keyword=Quiet%20Susan%20Cain')
ON CONFLICT DO NOTHING;

INSERT INTO "books" ("slug","title","thai_title","author","cover_color","summary","tags","concerns","personality","reading_minutes","audio_url","podcast_url","kinokuniya_url","shopee_url","lazada_url","naiin_url") VALUES
('mindset','Mindset','ใช้ความคิดเอาชนะโชคชะตา','Carol S. Dweck','#75c8d3','เข้าใจกรอบความคิดแบบเติบโตและเรียนรู้จากความผิดพลาด','การเรียนรู้,เติบโต','กลัวล้มเหลว,งานและเป้าหมาย','research,encouraging',320,'https://www.audible.com/search?keywords=Mindset+Carol+Dweck','https://open.spotify.com/search/Mindset%20Carol%20Dweck','https://www.kinokuniya.co.th/search/Mindset','https://shopee.co.th/search?keyword=Mindset%20Carol%20Dweck','https://www.lazada.co.th/catalog/?q=Mindset%20Carol%20Dweck','https://www.naiin.com/search-result?keyword=Mindset'),
('grit','Grit','พลังแห่งความทรหด','Angela Duckworth','#eb8b45','ความพยายามระยะยาวสำคัญต่อการเติบโตมากกว่าพรสวรรค์เพียงอย่างเดียว','ความพยายาม,เป้าหมาย','หมดไฟ,งานและเป้าหมาย','research,direct',330,NULL,'https://open.spotify.com/search/Grit%20Angela%20Duckworth',NULL,'https://shopee.co.th/search?keyword=Grit%20Angela%20Duckworth',NULL,NULL),
('flow','Flow','ภาวะลื่นไหล','Mihaly Csikszentmihalyi','#75c8d3','สำรวจความสุขจากการจดจ่อกับกิจกรรมที่ท้าทายอย่างพอดี','สมาธิ,ความสุข','สมาธิแตก,อยากมีแรงบันดาลใจ','research,deep',410,NULL,'https://open.spotify.com/search/Flow%20book',NULL,'https://shopee.co.th/search?keyword=Flow%20book',NULL,NULL),
('the-power-of-habit','The Power of Habit','พลังแห่งนิสัย','Charles Duhigg','#f5e545','ถอดวงจรสิ่งกระตุ้น กิจวัตร และรางวัลเพื่อออกแบบนิสัยใหม่','นิสัย,พฤติกรรม','อยากมีวินัย,คิดเยอะจนไม่เริ่ม','story,practical',380,NULL,'https://open.spotify.com/search/The%20Power%20of%20Habit',NULL,'https://shopee.co.th/search?keyword=The%20Power%20of%20Habit',NULL,NULL),
('tiny-habits','Tiny Habits','เปลี่ยนน้อยนิดเพื่อพิชิตทุกเป้าหมาย','BJ Fogg','#f39aa6','สร้างพฤติกรรมใหม่ด้วยขั้นตอนที่เล็กและความรู้สึกสำเร็จทันที','นิสัย,เริ่มเล็ก','คิดเยอะจนไม่เริ่ม,อยากมีวินัย','gentle,practical',300,NULL,'https://open.spotify.com/search/Tiny%20Habits',NULL,'https://shopee.co.th/search?keyword=Tiny%20Habits',NULL,NULL),
('digital-minimalism','Digital Minimalism','เทคโนโลยีเท่าที่จำเป็น','Cal Newport','#172f2b','ทบทวนบทบาทเทคโนโลยีและคืนเวลาให้สิ่งที่มีความหมาย','ดิจิทัล,สมาธิ','สมาธิแตก,ใจล้า','structured,direct',320,NULL,'https://open.spotify.com/search/Digital%20Minimalism',NULL,'https://shopee.co.th/search?keyword=Digital%20Minimalism',NULL,NULL),
('make-time','Make Time','บริหารเวลาให้มีเวลาชีวิต','Jake Knapp & John Zeratsky','#f5e545','เลือกไฮไลต์ประจำวันและสร้างพลังให้สิ่งสำคัญ','เวลา,โฟกัส','งานล้น,สมาธิแตก','playful,practical',280,NULL,'https://open.spotify.com/search/Make%20Time%20book',NULL,'https://shopee.co.th/search?keyword=Make%20Time%20book',NULL,NULL),
('getting-things-done','Getting Things Done','ศิลปะแห่งการทำงานให้เสร็จ','David Allen','#75c8d3','จัดระบบสิ่งค้างคาเพื่อลดภาระในหัวและลงมืออย่างชัดเจน','งาน,ระบบ','งานล้น,คิดเยอะจนไม่เริ่ม','structured,practical',410,NULL,'https://open.spotify.com/search/Getting%20Things%20Done',NULL,'https://shopee.co.th/search?keyword=Getting%20Things%20Done',NULL,NULL),
('the-one-thing','The ONE Thing','สิ่งสำคัญเพียงหนึ่งเดียว','Gary Keller','#e94d3f','ค้นหางานหนึ่งอย่างที่จะทำให้เรื่องอื่นง่ายขึ้นหรือไม่จำเป็น','โฟกัส,เป้าหมาย','งานล้น,งานและเป้าหมาย','direct,practical',280,NULL,'https://open.spotify.com/search/The%20One%20Thing%20book',NULL,'https://shopee.co.th/search?keyword=The%20One%20Thing',NULL,NULL),
('slow-productivity','Slow Productivity','ทำงานให้ดีโดยไม่หมดไฟ','Cal Newport','#75c8d3','เสนอจังหวะการทำงานที่ช้าลงแต่สร้างคุณภาพได้ยั่งยืน','งาน,พัก,คุณภาพ','หมดไฟ,เหนื่อยกับความคาดหวัง','reflective,structured',340,NULL,'https://open.spotify.com/search/Slow%20Productivity',NULL,'https://shopee.co.th/search?keyword=Slow%20Productivity',NULL,NULL),
('burnout','Burnout','เข้าใจวงจรความเครียด','Emily Nagoski & Amelia Nagoski','#f39aa6','ช่วยปิดวงจรความเครียดและดูแลร่างกายใจในโลกที่กดดัน','หมดไฟ,เยียวยา','ใจล้า,เหนื่อยกับความคาดหวัง','research,warm',390,NULL,'https://open.spotify.com/search/Burnout%20Nagoski',NULL,'https://shopee.co.th/search?keyword=Burnout%20Nagoski',NULL,NULL),
('rest-is-resistance','Rest Is Resistance','การพักคือการต่อต้าน','Tricia Hersey','#eb8b45','ทวงคืนการพักจากวัฒนธรรมที่ผูกคุณค่าคนกับผลิตภาพ','พัก,สังคม','หมดไฟ,เหนื่อยกับความคาดหวัง','warm,political',300,NULL,'https://open.spotify.com/search/Rest%20Is%20Resistance',NULL,'https://shopee.co.th/search?keyword=Rest%20Is%20Resistance',NULL,NULL),
('set-boundaries-find-peace','Set Boundaries, Find Peace','ตั้งขอบเขตแล้วพบความสงบ','Nedra Glover Tawwab','#75c8d3','ฝึกสื่อสารขอบเขตที่ชัดเจนโดยไม่ทอดทิ้งความสัมพันธ์','ขอบเขต,ความสัมพันธ์','พูดไม่เป็น,ความสัมพันธ์กับคนอื่น','practical,warm',310,NULL,'https://open.spotify.com/search/Set%20Boundaries%20Find%20Peace',NULL,'https://shopee.co.th/search?keyword=Set%20Boundaries%20Find%20Peace',NULL,NULL),
('attached','Attached','ผูกพันแบบไหนคือเรา','Amir Levine & Rachel Heller','#f39aa6','เข้าใจรูปแบบความผูกพันและความต้องการในความสัมพันธ์','ความรัก,จิตวิทยา','ความสัมพันธ์ไม่ชัดเจน,ความสัมพันธ์กับคนอื่น','research,accessible',330,NULL,'https://open.spotify.com/search/Attached%20book',NULL,'https://shopee.co.th/search?keyword=Attached%20book',NULL,NULL),
('nonviolent-communication','Nonviolent Communication','สื่อสารอย่างสันติ','Marshall B. Rosenberg','#f5e545','ฟังความรู้สึกและความต้องการเพื่อสนทนาโดยไม่ทำร้ายกัน','การสื่อสาร,ความสัมพันธ์','ทะเลาะกัน,ความสัมพันธ์กับคนอื่น','compassionate,practical',360,NULL,'https://open.spotify.com/search/Nonviolent%20Communication',NULL,'https://shopee.co.th/search?keyword=Nonviolent%20Communication',NULL,NULL),
('all-about-love','All About Love','ทุกสิ่งเกี่ยวกับความรัก','bell hooks','#e94d3f','ทบทวนความรักในฐานะการกระทำที่มีความรับผิดชอบและความจริงใจ','ความรัก,สังคม','ไม่เข้าใจความรัก,ความสัมพันธ์กับตัวเอง','deep,warm',290,NULL,'https://open.spotify.com/search/All%20About%20Love',NULL,'https://shopee.co.th/search?keyword=All%20About%20Love',NULL,NULL),
('the-five-love-languages','The 5 Love Languages','ภาษารักทั้งห้า','Gary Chapman','#f39aa6','สำรวจวิธีรับและส่งความรักที่ต่างกันของแต่ละคน','ความรัก,การสื่อสาร','ความสัมพันธ์ไม่ลงตัว,ความสัมพันธ์กับคนอื่น','accessible,practical',240,NULL,'https://open.spotify.com/search/Five%20Love%20Languages',NULL,'https://shopee.co.th/search?keyword=Five%20Love%20Languages',NULL,NULL),
('daring-greatly','Daring Greatly','กล้าที่จะเปราะบาง','Brené Brown','#eb8b45','มองความเปราะบางเป็นต้นทางของความกล้าและความสัมพันธ์จริงใจ','ความกล้า,เปราะบาง','กลัวการตัดสิน,ความสัมพันธ์กับตัวเอง','research,warm',340,NULL,'https://open.spotify.com/search/Daring%20Greatly',NULL,'https://shopee.co.th/search?keyword=Daring%20Greatly',NULL,NULL),
('self-compassion','Self-Compassion','เมตตาต่อตัวเอง','Kristin Neff','#75c8d3','ฝึกปฏิบัติต่อตัวเองด้วยความอ่อนโยนในวันที่ผิดพลาด','เมตตา,เยียวยา','โทษตัวเอง,ใจล้า','research,gentle',360,NULL,'https://open.spotify.com/search/Self%20Compassion%20Kristin%20Neff',NULL,'https://shopee.co.th/search?keyword=Self%20Compassion%20Kristin%20Neff',NULL,NULL),
('permission-to-feel','Permission to Feel','อนุญาตให้ตัวเองรู้สึก','Marc Brackett','#f39aa6','พัฒนาทักษะรู้จักและจัดการอารมณ์โดยไม่ปฏิเสธมัน','อารมณ์,จิตใจ','สับสนความรู้สึก,ใจล้า','research,practical',330,NULL,'https://open.spotify.com/search/Permission%20to%20Feel',NULL,'https://shopee.co.th/search?keyword=Permission%20to%20Feel',NULL,NULL),
('the-body-keeps-the-score','The Body Keeps the Score','ร่างกายไม่เคยลืม','Bessel van der Kolk','#172f2b','ทำความเข้าใจผลของบาดแผลทางใจต่อสมองและร่างกาย','บาดแผล,เยียวยา','อดีตรบกวน,ใจล้า','clinical,deep',520,NULL,'https://open.spotify.com/search/The%20Body%20Keeps%20the%20Score',NULL,'https://shopee.co.th/search?keyword=The%20Body%20Keeps%20the%20Score',NULL,NULL),
('what-happened-to-you','What Happened to You?','เกิดอะไรขึ้นกับคุณ','Bruce D. Perry & Oprah Winfrey','#75c8d3','เปลี่ยนคำถามจากตัดสินพฤติกรรมไปสู่การเข้าใจประสบการณ์','บาดแผล,ความเข้าใจ','อดีตรบกวน,ความสัมพันธ์กับตัวเอง','dialogue,warm',350,NULL,'https://open.spotify.com/search/What%20Happened%20to%20You',NULL,'https://shopee.co.th/search?keyword=What%20Happened%20to%20You',NULL,NULL),
('reasons-to-stay-alive','Reasons to Stay Alive','เหตุผลของการมีชีวิตอยู่','Matt Haig','#f5e545','บันทึกส่วนตัวเรื่องการผ่านพ้นภาวะซึมเศร้าและกลับมามองเห็นความหวัง','ความหวัง,เรื่องเล่า','ใจล้า,ไม่เห็นทางออก','story,comforting',250,NULL,'https://open.spotify.com/search/Reasons%20to%20Stay%20Alive',NULL,'https://shopee.co.th/search?keyword=Reasons%20to%20Stay%20Alive',NULL,NULL),
('the-mountain-is-you','The Mountain Is You','ภูเขาคือตัวคุณ','Brianna Wiest','#eb8b45','สำรวจการขัดขวางตัวเองและเปลี่ยนความกลัวเป็นการเติบโต','ตัวตน,เปลี่ยนแปลง','ติดอยู่ที่เดิม,คิดเยอะจนไม่เริ่ม','reflective,encouraging',300,NULL,'https://open.spotify.com/search/The%20Mountain%20Is%20You',NULL,'https://shopee.co.th/search?keyword=The%20Mountain%20Is%20You',NULL,NULL),
('big-magic','Big Magic','ชีวิตมหัศจรรย์ด้วยความคิดสร้างสรรค์','Elizabeth Gilbert','#f39aa6','ทำงานสร้างสรรค์ด้วยความอยากรู้มากกว่าความกลัว','สร้างสรรค์,ความกล้า','กลัวเริ่ม,อยากมีแรงบันดาลใจ','playful,warm',310,NULL,'https://open.spotify.com/search/Big%20Magic',NULL,'https://shopee.co.th/search?keyword=Big%20Magic',NULL,NULL),
('the-artists-way','The Artist''s Way','ปลุกความคิดสร้างสรรค์','Julia Cameron','#75c8d3','โปรแกรมฝึกความคิดสร้างสรรค์ผ่านการเขียนและการออกไปเติมแรงบันดาลใจ','สร้างสรรค์,ฝึกฝน','ตัน,ไม่มั่นใจ','spiritual,practical',450,NULL,'https://open.spotify.com/search/The%20Artists%20Way',NULL,'https://shopee.co.th/search?keyword=The%20Artists%20Way',NULL,NULL),
('steal-like-an-artist','Steal Like an Artist','ขโมยให้ได้อย่างศิลปิน','Austin Kleon','#172f2b','รวมหลักคิดสั้น ๆ เพื่อหาเสียงของตัวเองผ่านการเรียนรู้จากสิ่งที่รัก','สร้างสรรค์,ไอเดีย','ตัน,กลัวเริ่ม','visual,playful',140,NULL,'https://open.spotify.com/search/Steal%20Like%20an%20Artist',NULL,'https://shopee.co.th/search?keyword=Steal%20Like%20an%20Artist',NULL,NULL),
('show-your-work','Show Your Work!','โชว์งานให้โลกเห็น','Austin Kleon','#f5e545','แบ่งปันกระบวนการอย่างสม่ำเสมอเพื่อสร้างผู้คนรอบงานของเรา','สร้างสรรค์,ชุมชน','กลัวเผยแพร่,งานและเป้าหมาย','visual,practical',150,NULL,'https://open.spotify.com/search/Show%20Your%20Work',NULL,'https://shopee.co.th/search?keyword=Show%20Your%20Work',NULL,NULL),
('creativity-inc','Creativity, Inc.','เบื้องหลังความคิดสร้างสรรค์ของ Pixar','Ed Catmull','#e94d3f','สร้างวัฒนธรรมการทำงานที่ความคิดและคำวิจารณ์เติบโตได้','สร้างสรรค์,องค์กร','งานและเป้าหมาย,บริหารทีม','story,leadership',420,NULL,'https://open.spotify.com/search/Creativity%20Inc',NULL,'https://shopee.co.th/search?keyword=Creativity%20Inc',NULL,NULL),
('psychology-of-money','The Psychology of Money','จิตวิทยาว่าด้วยเงิน','Morgan Housel','#f5e545','เรื่องเล่าสั้นที่อธิบายว่าพฤติกรรมสำคัญต่อการเงินกว่าความฉลาด','การเงิน,พฤติกรรม','กังวลเรื่องเงิน,อนาคต','story,accessible',280,NULL,'https://open.spotify.com/search/Psychology%20of%20Money',NULL,'https://shopee.co.th/search?keyword=Psychology%20of%20Money',NULL,NULL),
('your-money-or-your-life','Your Money or Your Life','เงินหรือชีวิต','Vicki Robin','#75c8d3','เชื่อมเงินกับพลังชีวิตเพื่อออกแบบการใช้จ่ายที่สอดคล้องกับคุณค่า','การเงิน,ชีวิต','กังวลเรื่องเงิน,อยากรู้ว่าตัวเองต้องการอะไร','reflective,practical',390,NULL,'https://open.spotify.com/search/Your%20Money%20or%20Your%20Life',NULL,'https://shopee.co.th/search?keyword=Your%20Money%20or%20Your%20Life',NULL,NULL),
('die-with-zero','Die With Zero','ใช้ชีวิตให้คุ้มก่อนตาย','Bill Perkins','#eb8b45','จัดสมดุลเงิน เวลา และประสบการณ์ในแต่ละช่วงชีวิต','การเงิน,ประสบการณ์','กลัวอนาคต,งานและเป้าหมาย','direct,provocative',300,NULL,'https://open.spotify.com/search/Die%20With%20Zero',NULL,'https://shopee.co.th/search?keyword=Die%20With%20Zero',NULL,NULL),
('start-with-why','Start With Why','ตั้งต้นด้วยคำถามว่าทำไม','Simon Sinek','#e94d3f','ค้นหาเหตุผลหลักที่ช่วยให้การทำงานและการสื่อสารมีความหมาย','ภาวะผู้นำ,ความหมาย','งานไม่ชัด,งานและเป้าหมาย','story,leadership',300,NULL,'https://open.spotify.com/search/Start%20With%20Why',NULL,'https://shopee.co.th/search?keyword=Start%20With%20Why',NULL,NULL),
('leaders-eat-last','Leaders Eat Last','ผู้นำกินทีหลัง','Simon Sinek','#75c8d3','สร้างทีมที่ไว้วางใจกันผ่านความปลอดภัยและการดูแลผู้คน','ภาวะผู้นำ,ทีม','บริหารทีม,ความสัมพันธ์กับคนอื่น','story,leadership',360,NULL,'https://open.spotify.com/search/Leaders%20Eat%20Last',NULL,'https://shopee.co.th/search?keyword=Leaders%20Eat%20Last',NULL,NULL),
('radical-candor','Radical Candor','ตรงไปตรงมาอย่างจริงใจ','Kim Scott','#f39aa6','ให้คำแนะนำที่ชัดพร้อมความใส่ใจเพื่อสร้างทีมที่แข็งแรง','งาน,การสื่อสาร','บริหารทีม,พูดไม่เป็น','practical,direct',370,NULL,'https://open.spotify.com/search/Radical%20Candor',NULL,'https://shopee.co.th/search?keyword=Radical%20Candor',NULL,NULL),
('range','Range','รู้กว้างจึงไปได้ไกล','David Epstein','#75c8d3','ชี้คุณค่าของการทดลองหลายทางและประสบการณ์ที่หลากหลาย','อาชีพ,เรียนรู้','เลือกทางไม่ถูก,อยากรู้ว่าตัวเองต้องการอะไร','research,curious',400,NULL,'https://open.spotify.com/search/Range%20David%20Epstein',NULL,'https://shopee.co.th/search?keyword=Range%20David%20Epstein',NULL,NULL),
('ikigai','Ikigai','ความหมายของการมีชีวิตอยู่','Héctor García & Francesc Miralles','#f5e545','สำรวจวิถีชีวิตที่เชื่อมความหมาย ชุมชน และความสุขในทุกวัน','ความหมาย,ชีวิต','หลงทาง,อยากรู้ว่าตัวเองต้องการอะไร','gentle,accessible',240,NULL,'https://open.spotify.com/search/Ikigai%20book',NULL,'https://shopee.co.th/search?keyword=Ikigai%20book',NULL,NULL),
('meditations','Meditations','บันทึกของมาร์คุส เอาเรลิอุส','Marcus Aurelius','#172f2b','บันทึกปรัชญาสโตอิกเรื่องการควบคุมตนเอง หน้าที่ และความไม่แน่นอน','ปรัชญา,สโตอิก','กังวล,ใจไม่นิ่ง','philosophical,deep',280,NULL,'https://open.spotify.com/search/Meditations%20Marcus%20Aurelius',NULL,'https://shopee.co.th/search?keyword=Meditations%20Marcus%20Aurelius',NULL,NULL)
ON CONFLICT DO NOTHING;

INSERT INTO "media_pairings" ("book_slug","song_title","song_artist","song_url","movie_title","movie_year","movie_url","mood","reason") VALUES
('atomic-habits','Vienna','Billy Joel','https://open.spotify.com/search/Vienna%20Billy%20Joel','Groundhog Day',1993,'https://www.google.com/search?q=Groundhog+Day+movie','tiny-start','เริ่มใหม่ทีละวันโดยไม่ต้องรีบ'),
('courage-to-be-disliked','Brave','Sara Bareilles','https://open.spotify.com/search/Brave%20Sara%20Bareilles','The Secret Life of Walter Mitty',2013,'https://www.google.com/search?q=The+Secret+Life+of+Walter+Mitty','courage','เลือกชีวิตของตัวเองแม้คนอื่นไม่เข้าใจ'),
('maybe-you-should-talk','Fix You','Coldplay','https://open.spotify.com/search/Fix%20You%20Coldplay','Good Will Hunting',1997,'https://www.google.com/search?q=Good+Will+Hunting','healing','การรับฟังทำให้เราเห็นบาดแผลอย่างอ่อนโยน'),
('deep-work','Intro','The xx','https://open.spotify.com/search/Intro%20The%20xx','Whiplash',2014,'https://www.google.com/search?q=Whiplash+movie','focus','สำรวจทั้งพลังและราคาของการจดจ่อ'),
('four-thousand-weeks','Time in a Bottle','Jim Croce','https://open.spotify.com/search/Time+in+a+Bottle','About Time',2013,'https://www.google.com/search?q=About+Time+movie','time','เวลามีค่าจากการเลือกอยู่กับสิ่งตรงหน้า'),
('designing-your-life','Unwritten','Natasha Bedingfield','https://open.spotify.com/search/Unwritten','Soul',2020,'https://www.google.com/search?q=Soul+Pixar','possibility','ชีวิตไม่ใช่คำตอบเดียวแต่เป็นสิ่งที่ทดลองได้'),
('the-comfort-book','Here Comes the Sun','The Beatles','https://open.spotify.com/search/Here+Comes+the+Sun','Paddington 2',2017,'https://www.google.com/search?q=Paddington+2','comfort','ความหวังเล็ก ๆ และความใจดีช่วยพาเราผ่านวันหนัก'),
('essentialism','The Less I Know the Better','Tame Impala','https://open.spotify.com/search/The+Less+I+Know+the+Better','Perfect Days',2023,'https://www.google.com/search?q=Perfect+Days+film','clarity','ความเรียบง่ายเปิดพื้นที่ให้สิ่งสำคัญ'),
('think-again','Changes','David Bowie','https://open.spotify.com/search/Changes+David+Bowie','12 Angry Men',1957,'https://www.google.com/search?q=12+Angry+Men','curiosity','กล้าทบทวนความเชื่อและฟังหลักฐานใหม่'),
('the-gifts-of-imperfection','Beautiful','Christina Aguilera','https://open.spotify.com/search/Beautiful+Christina+Aguilera','Little Miss Sunshine',2006,'https://www.google.com/search?q=Little+Miss+Sunshine','acceptance','ความไม่สมบูรณ์ไม่ลดคุณค่าของเรา'),
('mans-search-for-meaning','Saturn','Sleeping At Last','https://open.spotify.com/search/Saturn+Sleeping+At+Last','Life Is Beautiful',1997,'https://www.google.com/search?q=Life+Is+Beautiful+1997','meaning','ค้นหาความหมายและความงามในสถานการณ์ยาก'),
('quiet','The Sound of Silence','Simon & Garfunkel','https://open.spotify.com/search/The+Sound+of+Silence','Amélie',2001,'https://www.google.com/search?q=Amelie+film','quiet','โลกภายในที่เงียบมีพลังและความละเอียดอ่อน'),
('mindset','Try Everything','Shakira','https://open.spotify.com/search/Try+Everything+Shakira','Akeelah and the Bee',2006,'https://www.google.com/search?q=Akeelah+and+the+Bee','growth','ความผิดพลาดเป็นส่วนหนึ่งของการเรียนรู้'),
('grit','The Climb','Miley Cyrus','https://open.spotify.com/search/The+Climb+Miley+Cyrus','Rocky',1976,'https://www.google.com/search?q=Rocky+1976','persistence','คุณค่าของการเดินต่ออยู่ในระหว่างทาง'),
('flow','Weightless','Marconi Union','https://open.spotify.com/search/Weightless+Marconi+Union','Jiro Dreams of Sushi',2011,'https://www.google.com/search?q=Jiro+Dreams+of+Sushi','flow','การฝึกฝนทำให้เราหายเข้าไปในงานที่รัก'),
('the-power-of-habit','Harder Better Faster Stronger','Daft Punk','https://open.spotify.com/search/Harder+Better+Faster+Stronger','The Karate Kid',1984,'https://www.google.com/search?q=The+Karate+Kid+1984','habit','กิจวัตรเล็ก ๆ สะสมเป็นทักษะและตัวตน'),
('tiny-habits','Three Little Birds','Bob Marley','https://open.spotify.com/search/Three+Little+Birds','Chef',2014,'https://www.google.com/search?q=Chef+2014+film','gentle','เริ่มจากสิ่งเล็กที่สร้างความสุขทันที'),
('digital-minimalism','Enjoy the Silence','Depeche Mode','https://open.spotify.com/search/Enjoy+the+Silence','Her',2013,'https://www.google.com/search?q=Her+2013+film','disconnect','ทบทวนระยะห่างระหว่างมนุษย์กับเทคโนโลยี'),
('make-time','Daylight','Matt and Kim','https://open.spotify.com/search/Daylight+Matt+and+Kim','Ferris Bueller''s Day Off',1986,'https://www.google.com/search?q=Ferris+Bueller+Day+Off','energy','เลือกช่วงเวลาที่อยากจำในแต่ละวัน'),
('getting-things-done','Work','Charlotte Day Wilson','https://open.spotify.com/search/Work+Charlotte+Day+Wilson','The Intern',2015,'https://www.google.com/search?q=The+Intern+2015','order','ระบบที่ดีคืนพื้นที่ว่างให้ความคิดและผู้คน'),
('the-one-thing','One','U2','https://open.spotify.com/search/One+U2','Moneyball',2011,'https://www.google.com/search?q=Moneyball+film','focus','เลือกตัวแปรสำคัญที่เปลี่ยนเกมได้จริง'),
('slow-productivity','Banana Pancakes','Jack Johnson','https://open.spotify.com/search/Banana+Pancakes','Paterson',2016,'https://www.google.com/search?q=Paterson+2016+film','slow','คุณภาพงอกงามจากจังหวะที่เป็นมนุษย์'),
('burnout','Breathe Me','Sia','https://open.spotify.com/search/Breathe+Me+Sia','Inside Out',2015,'https://www.google.com/search?q=Inside+Out+2015','recovery','รับรู้อารมณ์และปิดวงจรความเครียด'),
('rest-is-resistance','Golden','Jill Scott','https://open.spotify.com/search/Golden+Jill+Scott','Nomadland',2020,'https://www.google.com/search?q=Nomadland','rest','ทวงคืนชีวิตและจังหวะที่ไม่ถูกวัดด้วยผลงาน'),
('set-boundaries-find-peace','No','Meghan Trainor','https://open.spotify.com/search/No+Meghan+Trainor','Erin Brockovich',2000,'https://www.google.com/search?q=Erin+Brockovich','boundaries','คำปฏิเสธที่ชัดคือการดูแลตัวเองและความสัมพันธ์'),
('attached','I Want You Around','Snoh Aalegra','https://open.spotify.com/search/I+Want+You+Around','Past Lives',2023,'https://www.google.com/search?q=Past+Lives+film','attachment','สำรวจความใกล้ชิด ความห่าง และสิ่งที่เราโหยหา'),
('nonviolent-communication','Talk','Khalid','https://open.spotify.com/search/Talk+Khalid','A Separation',2011,'https://www.google.com/search?q=A+Separation+film','communication','ฟังสิ่งที่อยู่ใต้คำพูดและความขัดแย้ง'),
('all-about-love','Love','Kendrick Lamar','https://open.spotify.com/search/LOVE+Kendrick+Lamar','If Beale Street Could Talk',2018,'https://www.google.com/search?q=If+Beale+Street+Could+Talk','love','ความรักคือการกระทำ การดูแล และความรับผิดชอบ'),
('the-five-love-languages','Best Part','Daniel Caesar feat. H.E.R.','https://open.spotify.com/search/Best+Part+Daniel+Caesar','The Big Sick',2017,'https://www.google.com/search?q=The+Big+Sick','connection','เรียนรู้วิธีที่อีกคนรับรู้ความรัก'),
('daring-greatly','Rise Up','Andra Day','https://open.spotify.com/search/Rise+Up+Andra+Day','Brittany Runs a Marathon',2019,'https://www.google.com/search?q=Brittany+Runs+a+Marathon','vulnerability','ความกล้าเริ่มจากการยอมให้คนอื่นเห็นตัวจริง'),
('self-compassion','I Love Me','Demi Lovato','https://open.spotify.com/search/I+Love+Me+Demi+Lovato','The Edge of Seventeen',2016,'https://www.google.com/search?q=The+Edge+of+Seventeen','kindness','อยู่ข้างตัวเองในวันที่ยังไม่สมบูรณ์'),
('permission-to-feel','Liability','Lorde','https://open.spotify.com/search/Liability+Lorde','Turning Red',2022,'https://www.google.com/search?q=Turning+Red','emotion','อารมณ์ไม่ใช่ปัญหาที่ต้องซ่อนแต่เป็นข้อมูล'),
('the-body-keeps-the-score','Shake It Out','Florence + The Machine','https://open.spotify.com/search/Shake+It+Out','The Perks of Being a Wallflower',2012,'https://www.google.com/search?q=The+Perks+of+Being+a+Wallflower','trauma','ร่างกายและความสัมพันธ์ช่วยเปิดทางสู่การฟื้นตัว'),
('what-happened-to-you','Fast Car','Tracy Chapman','https://open.spotify.com/search/Fast+Car+Tracy+Chapman','Moonlight',2016,'https://www.google.com/search?q=Moonlight+2016','understanding','มองชีวิตผ่านประสบการณ์แทนการตัดสิน'),
('reasons-to-stay-alive','Dog Days Are Over','Florence + The Machine','https://open.spotify.com/search/Dog+Days+Are+Over','The Intouchables',2011,'https://www.google.com/search?q=The+Intouchables','hope','สายสัมพันธ์และช่วงเวลาเล็ก ๆ พาเรากลับสู่ชีวิต'),
('the-mountain-is-you','Running Up That Hill','Kate Bush','https://open.spotify.com/search/Running+Up+That+Hill','Wild',2014,'https://www.google.com/search?q=Wild+2014+film','transformation','ภูเขาภายในกลายเป็นเส้นทางกลับมาหาตัวเอง'),
('big-magic','Dog Days Are Over','Florence + The Machine','https://open.spotify.com/search/Dog+Days+Are+Over','Frances Ha',2012,'https://www.google.com/search?q=Frances+Ha','creative','สร้างเพราะความอยากรู้โดยไม่รอความกลัวหายไป'),
('the-artists-way','Both Sides Now','Joni Mitchell','https://open.spotify.com/search/Both+Sides+Now','The Red Shoes',1948,'https://www.google.com/search?q=The+Red+Shoes+1948','artist','คืนพื้นที่เล่นและเสียงภายในให้ความสร้างสรรค์'),
('steal-like-an-artist','Paper Planes','M.I.A.','https://open.spotify.com/search/Paper+Planes+MIA','Exit Through the Gift Shop',2010,'https://www.google.com/search?q=Exit+Through+the+Gift+Shop','ideas','งานใหม่เกิดจากการผสมสิ่งที่รักอย่างมีเสียงของตัวเอง'),
('show-your-work','This Is Me','Keala Settle','https://open.spotify.com/search/This+Is+Me+Keala+Settle','Julie & Julia',2009,'https://www.google.com/search?q=Julie+and+Julia','sharing','แบ่งปันกระบวนการเล็ก ๆ จนเกิดชุมชน'),
('creativity-inc','Everything Is Awesome','Tegan and Sara','https://open.spotify.com/search/Everything+Is+Awesome','The Pixar Story',2007,'https://www.google.com/search?q=The+Pixar+Story','teamwork','ความคิดดีเติบโตในทีมที่กล้าพูดความจริง'),
('psychology-of-money','Money','Pink Floyd','https://open.spotify.com/search/Money+Pink+Floyd','The Big Short',2015,'https://www.google.com/search?q=The+Big+Short','money','พฤติกรรมและเรื่องเล่าในหัวกำกับการเงิน'),
('your-money-or-your-life','Price Tag','Jessie J','https://open.spotify.com/search/Price+Tag+Jessie+J','The Pursuit of Happyness',2006,'https://www.google.com/search?q=The+Pursuit+of+Happyness','values','เงินควรรับใช้ชีวิตและคุณค่าที่เราเลือก'),
('die-with-zero','The Nights','Avicii','https://open.spotify.com/search/The+Nights+Avicii','The Bucket List',2007,'https://www.google.com/search?q=The+Bucket+List','experience','จัดสรรทรัพยากรให้ประสบการณ์เกิดในเวลาที่เหมาะ'),
('start-with-why','A Sky Full of Stars','Coldplay','https://open.spotify.com/search/A+Sky+Full+of+Stars','October Sky',1999,'https://www.google.com/search?q=October+Sky','purpose','เหตุผลที่ชัดทำให้คนและงานเคลื่อนไปทิศเดียวกัน'),
('leaders-eat-last','Lean on Me','Bill Withers','https://open.spotify.com/search/Lean+on+Me','Remember the Titans',2000,'https://www.google.com/search?q=Remember+the+Titans','leadership','ความปลอดภัยและความไว้ใจทำให้ทีมแข็งแรง'),
('radical-candor','Honest','The Chainsmokers','https://open.spotify.com/search/Honest+The+Chainsmokers','The Devil Wears Prada',2006,'https://www.google.com/search?q=The+Devil+Wears+Prada','feedback','ความตรงไปตรงมามีคุณค่าเมื่อมาพร้อมความใส่ใจ'),
('range','The Scientist','Coldplay','https://open.spotify.com/search/The+Scientist+Coldplay','Hidden Figures',2016,'https://www.google.com/search?q=Hidden+Figures','learning','ประสบการณ์หลายด้านสร้างวิธีแก้ปัญหาที่คาดไม่ถึง'),
('ikigai','What a Wonderful World','Louis Armstrong','https://open.spotify.com/search/What+a+Wonderful+World','Ikiru',1952,'https://www.google.com/search?q=Ikiru+1952','meaning','ความหมายพบได้ในงาน ผู้คน และความสุขธรรมดา'),
('meditations','Let It Be','The Beatles','https://open.spotify.com/search/Let+It+Be','Gladiator',2000,'https://www.google.com/search?q=Gladiator+2000','stoic','ยอมรับสิ่งควบคุมไม่ได้และเลือกการกระทำของเรา')
ON CONFLICT DO NOTHING;

INSERT INTO "coffee_pairings" ("book_slug","menu_name","menu_name_thai","ingredients","brew_method","order_tip","caffeine","layer_top","layer_bottom") VALUES
('atomic-habits','Honey Americano','อเมริกาโนน้ำผึ้ง','เอสเปรสโซ,น้ำ,น้ำผึ้ง','คนให้น้ำผึ้งละลาย เติมน้ำแข็ง แล้วรินเอสเปรสโซ','สั่งอเมริกาโนเย็นหวานน้อย เพิ่มน้ำผึ้ง','สูง','#d8a657','#4b2c20'),
('courage-to-be-disliked','Espresso Tonic','เอสเปรสโซโทนิก','เอสเปรสโซ,โทนิก,เลมอน','เทโทนิกลงน้ำแข็งแล้วรินช็อตกาแฟช้า ๆ','สั่ง Espresso Tonic ไม่เติมไซรัป','สูง','#4b2c20','#e9dd9f'),
('maybe-you-should-talk','Gentle Oat Latte','โอ๊ตมิลค์ลาเต้','เอสเปรสโซ,นมโอ๊ต','สตีมนมโอ๊ตแล้วเทลงบนเอสเปรสโซ','สั่งลาเต้นมโอ๊ต หวานน้อย','กลาง','#f0dfbd','#8f5b3e'),
('deep-work','Cold Brew','โคลด์บริว','กาแฟบด,น้ำเย็น','แช่กาแฟ 12–16 ชั่วโมงแล้วกรอง','สั่งโคลด์บริวไม่หวาน','สูง','#6f4937','#261a16'),
('four-thousand-weeks','Orange Americano','กาแฟส้ม','เอสเปรสโซ,น้ำส้ม,โซดา','เทน้ำส้มกับน้ำแข็งแล้วท็อปเอสเปรสโซ','สั่งกาแฟส้มแยกชั้น หวานน้อย','สูง','#4b2c20','#f3a24d'),
('designing-your-life','Coconut Latte','ลาเต้มะพร้าว','เอสเปรสโซ,นมมะพร้าว','ผสมนมมะพร้าวเย็นแล้วรินช็อตกาแฟ','สั่งลาเต้นมมะพร้าว ไม่เพิ่มไซรัป','กลาง','#f3ead5','#a96c47'),
('the-comfort-book','Hot Cocoa','โกโก้ร้อน','โกโก้,นม,น้ำตาลเล็กน้อย','ละลายโกโก้แล้วเติมนมอุ่น','สั่งโกโก้ร้อนหวาน 25%','ต่ำ','#d9b99b','#5b3026'),
('essentialism','Flat White','แฟลตไวต์','ดับเบิลริสเตรตโต,นม','เทไมโครโฟมนมบาง ๆ ลงบนกาแฟ','สั่ง Flat White ไม่หวาน','สูง','#e8d4b6','#70452f'),
('think-again','Yuzu Coffee Fizz','กาแฟยูซุโซดา','เอสเปรสโซ,ยูซุ,โซดา','ผสมยูซุกับโซดาแล้วท็อปช็อตกาแฟ','สั่งกาแฟยูซุ หวานน้อย','สูง','#503225','#f0d75f'),
('the-gifts-of-imperfection','Rose Latte','โรสลาเต้','เอสเปรสโซ,นม,ไซรัปกุหลาบ','ผสมกุหลาบกับนมแล้วรินกาแฟ','สั่งลาเต้กุหลาบหวาน 25%','กลาง','#f2c6ce','#9c6555'),
('mans-search-for-meaning','Long Black','ลองแบล็ก','เอสเปรสโซ,น้ำร้อน','เทดับเบิลช็อตลงบนน้ำร้อน','สั่ง Long Black ไม่หวาน','สูง','#6c4632','#211714'),
('quiet','Hojicha Latte','โฮจิฉะลาเต้','ผงโฮจิฉะ,นม','ตีโฮจิฉะกับน้ำอุ่นแล้วเติมนม','สั่งโฮจิฉะลาเต้หวานน้อย','ต่ำ','#e6d0ad','#916e51'),
('mindset','Matcha Latte','มัทฉะลาเต้','มัทฉะ,นม','ตีมัทฉะให้เนียนแล้วเทบนนม','สั่งมัทฉะลาเต้หวานน้อย','กลาง','#7da76b','#e9e0bd'),
('grit','Thai Black Coffee','โอเลี้ยงไม่หวาน','กาแฟโบราณ,น้ำแข็ง','ชงกาแฟผ่านถุงกรองแล้วเทลงน้ำแข็ง','สั่งโอเลี้ยงหวานน้อยหรือไม่หวาน','สูง','#3b261e','#17110f'),
('flow','Pour Over','กาแฟดริป','เมล็ดกาแฟ,น้ำร้อน','รินน้ำเป็นวงช้า ๆ 2–3 นาที','เลือกเมล็ดฟรุตตี้และดื่มไม่หวาน','กลาง','#b27b52','#5d3b2d'),
('the-power-of-habit','Espresso Macchiato','เอสเปรสโซมัคคิอาโต','เอสเปรสโซ,ฟองนม','แต้มฟองนมเล็กน้อยบนช็อตกาแฟ','สั่ง Espresso Macchiato','สูง','#eadcc5','#43291f'),
('tiny-habits','Piccolo Latte','พิคโคโลลาเต้','ริสเตรตโต,นม','ใส่กาแฟช็อตสั้นและนมแก้วเล็ก','สั่ง Piccolo หวานน้อย','กลาง','#ead4b5','#8b5a3f'),
('digital-minimalism','Decaf Americano','ดีแคฟอเมริกาโน','ดีแคฟเอสเปรสโซ,น้ำ','เติมน้ำลงบนช็อตดีแคฟ','สั่ง Decaf Americano ไม่หวาน','ต่ำ','#89634e','#3d2b23'),
('make-time','Lemon Cold Brew','โคลด์บริวเลมอน','โคลด์บริว,เลมอน,โซดา','ผสมเลมอนกับโซดาแล้วเติมโคลด์บริว','สั่งโคลด์บริวเลมอนหวานน้อย','สูง','#604234','#e8d36f'),
('getting-things-done','Café Mocha','คาเฟ่มอคค่า','เอสเปรสโซ,โกโก้,นม','ละลายโกโก้กับกาแฟแล้วเติมนม','สั่งมอคค่าหวาน 25%','สูง','#e4c6a9','#63372d'),
('the-one-thing','Ristretto','ริสเตรตโต','กาแฟบดละเอียด,น้ำ','สกัดช็อตสั้นเข้มข้น','สั่งดับเบิลริสเตรตโต','สูง','#5a3425','#21130f'),
('slow-productivity','Dirty Coffee','เดอร์ตี้คอฟฟี่','เอสเปรสโซ,นมเย็นจัด','รินช็อตร้อนบนครีมนมเย็น','สั่ง Dirty ไม่หวาน','สูง','#5b3529','#f0e2c9'),
('burnout','Salted Caramel Latte','ซอลต์คาราเมลลาเต้','เอสเปรสโซ,นม,คาราเมล,เกลือ','ผสมคาราเมลเล็กน้อยกับนมและกาแฟ','สั่งหวาน 25% ลดคาราเมล','กลาง','#d5a46d','#80503b'),
('rest-is-resistance','Chamomile Tea','ชาคาโมมายล์','คาโมมายล์,น้ำร้อน,น้ำผึ้ง','แช่ชา 4–5 นาที เติมน้ำผึ้งเล็กน้อย','สั่งชาคาโมมายล์ร้อน','ไม่มี','#f3e7a3','#e8c96f'),
('set-boundaries-find-peace','Honey Lemon Tea','ชาน้ำผึ้งมะนาว','ชา,มะนาว,น้ำผึ้ง','ชงชาแล้วเติมมะนาวกับน้ำผึ้ง','สั่งหวานน้อย แยกน้ำผึ้ง','ต่ำ','#efe098','#d0a842'),
('attached','Café au Lait','กาแฟนมอุ่น','กาแฟ,นมอุ่น','ผสมกาแฟกับนมอุ่นในสัดส่วนเท่ากัน','สั่ง Café au Lait ไม่หวาน','กลาง','#e6cfad','#906449'),
('nonviolent-communication','Thai Milk Tea','ชาไทย','ชาไทย,นม','ชงชาเข้มแล้วเติมนม','สั่งชาไทยหวาน 25%','กลาง','#f2c5a0','#e57f35'),
('all-about-love','Rose Tea','ชากุหลาบ','ชากุหลาบ,น้ำร้อน','แช่ชากุหลาบ 3–4 นาที','สั่งชากุหลาบไม่หวาน','ต่ำ','#f0c2ca','#cc7e91'),
('the-five-love-languages','Vanilla Latte','วานิลลาลาเต้','เอสเปรสโซ,นม,วานิลลา','เติมวานิลลาเล็กน้อยแล้วเทนม','สั่งวานิลลาลาเต้หวาน 25%','กลาง','#eee0c4','#a46c4d'),
('daring-greatly','Cinnamon Latte','ซินนามอนลาเต้','เอสเปรสโซ,นม,อบเชย','โรยอบเชยบนลาเต้ร้อน','สั่งลาเต้ไม่หวาน เพิ่มอบเชย','กลาง','#dfc39f','#925b3e'),
('self-compassion','Black Sesame Latte','ลาเต้งาดำ','งาดำ,นม','บดงาดำแล้วอุ่นกับนม','สั่งงาดำลาเต้หวานน้อย','ไม่มี','#d9d3ca','#48413e'),
('permission-to-feel','Butterfly Pea Lemon','อัญชันมะนาว','อัญชัน,มะนาว,โซดา','ชงอัญชันแล้วเติมมะนาวและโซดา','สั่งอัญชันมะนาวหวานน้อย','ไม่มี','#7f82c5','#d68bbb'),
('the-body-keeps-the-score','Ginger Cocoa','โกโก้ขิง','โกโก้,นม,ขิง','อุ่นนมกับขิงแล้วผสมโกโก้','สั่งโกโก้ขิงหวาน 25%','ต่ำ','#d1a47f','#64392c'),
('what-happened-to-you','Honey Milk','นมน้ำผึ้งอุ่น','นม,น้ำผึ้ง','อุ่นนมแล้วเติมน้ำผึ้ง','สั่งนมอุ่นน้ำผึ้งน้อย','ไม่มี','#f4e9c7','#dfc57f'),
('reasons-to-stay-alive','Peach Tea','ชาพีช','ชาดำ,พีช','ชงชาแล้วเติมพีชและน้ำแข็ง','สั่งชาพีชหวาน 25%','ต่ำ','#f3b392','#d87964'),
('the-mountain-is-you','Chai Latte','ไชลาเต้','ชาดำ,นม,เครื่องเทศ','ต้มชากับอบเชยและนม','สั่ง Chai Latte หวานน้อย','กลาง','#e2c2a0','#9a613d'),
('big-magic','Strawberry Latte','สตรอว์เบอร์รีลาเต้','สตรอว์เบอร์รี,นม,เอสเปรสโซ','วางซอสสตรอว์เบอร์รี เติมนม แล้วรินกาแฟ','สั่งสตรอว์เบอร์รีลาเต้หวานน้อย','กลาง','#f1d8d3','#e98e9a'),
('the-artists-way','Uji Matcha','มัทฉะอูจิ','มัทฉะ,น้ำ,นมเล็กน้อย','ตีมัทฉะให้มีฟองละเอียด','สั่งมัทฉะเกรดพิธี ไม่หวาน','กลาง','#7f9f63','#dce1ad'),
('steal-like-an-artist','Affogato','อัฟโฟกาโต','เอสเปรสโซ,ไอศกรีมวานิลลา','รินเอสเปรสโซบนไอศกรีม','สั่ง Affogato หนึ่งช็อต','สูง','#583427','#f1e1b9'),
('show-your-work','Coffee Jelly Latte','ลาเต้เจลลีกาแฟ','เจลลีกาแฟ,นม,เอสเปรสโซ','ใส่เจลลี เติมนม และท็อปกาแฟ','สั่งหวาน 25% เพิ่มเจลลีกาแฟ','กลาง','#e6d4b8','#6b4635'),
('creativity-inc','Caramel Macchiato','คาราเมลมัคคิอาโต','เอสเปรสโซ,นม,คาราเมล','เทนมแล้วแต้มกาแฟและคาราเมล','สั่งหวาน 25% ลดซอส','สูง','#d9a66d','#704632'),
('psychology-of-money','Kafae Boran','กาแฟโบราณ','กาแฟโบราณ,นมข้น','ชงผ่านถุงกรองและเติมนมเล็กน้อย','สั่งกาแฟโบราณหวานน้อย','สูง','#d5a06f','#3b241c'),
('your-money-or-your-life','Coconut Americano','อเมริกาโนมะพร้าว','เอสเปรสโซ,น้ำมะพร้าว','รินกาแฟบนน้ำมะพร้าวและน้ำแข็ง','สั่งไม่เพิ่มไซรัป','สูง','#5a382b','#dfe2bd'),
('die-with-zero','Sparkling Yuzu','ยูซุโซดา','ยูซุ,โซดา','ผสมยูซุกับโซดาเย็น','สั่งยูซุโซดาหวานน้อย','ไม่มี','#f3e079','#e0aa3b'),
('start-with-why','Espresso Shot','เอสเปรสโซช็อต','กาแฟบด,น้ำ','สกัดช็อต 25–30 วินาที','สั่งดับเบิลช็อต','สูง','#593526','#21130f'),
('leaders-eat-last','Hazelnut Mocha','เฮเซลนัตมอคค่า','เอสเปรสโซ,โกโก้,นม,เฮเซลนัต','ผสมโกโก้และเฮเซลนัตเล็กน้อยก่อนเติมนม','สั่งหวาน 25%','สูง','#d4b18e','#66402f'),
('radical-candor','Iced Cappuccino','คาปูชิโนเย็น','เอสเปรสโซ,นม,โฟมนม','เขย่ากาแฟกับนมและท็อปโฟม','สั่งคาปูชิโนเย็นไม่หวาน','สูง','#ead8bc','#81553d'),
('range','Single Origin Drip','ดริปซิงเกิลออริจิน','เมล็ดซิงเกิลออริจิน,น้ำ','ดริปหลายจังหวะเพื่อชิมรสหลากหลาย','ถามบาริสต้าหาเมล็ดโทนผลไม้','กลาง','#b77d56','#61402f'),
('ikigai','Genmaicha Latte','เก็นไมฉะลาเต้','ชาเขียวข้าวคั่ว,นม','ชงชาแล้วเติมนมอุ่น','สั่งเก็นไมฉะลาเต้หวานน้อย','ต่ำ','#d9cf9d','#9b8852'),
('meditations','Hot Americano','อเมริกาโนร้อน','เอสเปรสโซ,น้ำร้อน','เติมช็อตกาแฟลงในน้ำร้อน','สั่งอเมริกาโนร้อนไม่หวาน','สูง','#7a5038','#2a1b16')
ON CONFLICT DO NOTHING;

UPDATE "media_pairings" SET "movie_title"='(500) Days of Summer',"movie_year"=2009,"movie_url"='https://www.google.com/search?q=500+Days+of+Summer+movie',"reason"='สำรวจรูปแบบความผูกพัน ความคาดหวัง และเรื่องเล่าที่เราสร้างขึ้นในความสัมพันธ์' WHERE "book_slug"='attached';
